# ontology_bridge — every controlled vocabulary value, unit string and phenomenon word in this
# repository, mapped to an external IRI (namespace=mirrored) or to a term under the project
# namespace (namespace=minted) when nothing external exists. `derived` is namespace=unmapped on
# purpose: it is a source with an unresolved basis and may carry no evidence class.
# External terms re-verified 2026-09-06: OBO labels through the OLS4 API (defining ontology only);
# units and quantity kinds against QUDT v3.5.1 (released 2026-08-29), files
# VOCAB_QUDT-UNITS-ALL.ttl and VOCAB_QUDT-QUANTITY-KINDS-ALL.ttl at that tag.
# Exponents L M T I Theta N J are SI base dimensions, taken from the QUDT dimension vectors for
# mirrored rows (QUDT's E is electric current, its I is luminous intensity). A count is
# dimensionless (UCUM {cell} = 1); `count_of` keeps what was counted. The rad/hr row is an ANGLE
# parent_relation says how a minted row relates to its nearest_parent: same_dimension (exponents must
# match, checked) or semantic (nearest by meaning, no dimension claim). definition is required on every
# model_term row, every minted quantity kind and every dimensionless kind, because seven zeros cannot
# tell a Thiele modulus from a Fourier number. xref is a cross-reference to a mirrored row, never a
# parent. The four diffusivities and the three groups follow the internal transport architecture
# unit_system tags a unit row SI, lattice (bases latt, MCS, H: the CPM's length, clock and energy; same
# exponent pattern, H column for the Hamiltonian base) or synthetic_reference. conversion rows carry the
# factor between systems or the requirement id (reference_d_requirements.csv) they wait on; a blocked
# row's requirement must still be awaiting_measurement, so the gate flips loudly. A placeholder unit has
# no quantity kind and may not be given one. Enforced by contract/tests/test_ontology_bridge.py.
local_term,axis,namespace,iri,published_label,verified_on,verified_via,nearest_parent,parent_relation,endpoint_assay,bfo_category,xref,unit_system,quantity_kind,count_of,L,M,T,I,Theta,N,J,H,conversion_status,conversion_factor,requirement_id,depends_on,basis,definition,notes
process,category,mirrored,http://purl.obolibrary.org/obo/BFO_0000015,process,2026-09-06,"OLS4 API, is_defining_ontology",,,,,,,,,,,,,,,,,,,,,,,
disposition,category,mirrored,http://purl.obolibrary.org/obo/BFO_0000016,disposition,2026-09-06,"OLS4 API, is_defining_ontology",,,,,,,,,,,,,,,,,,,,,,,
quality,category,mirrored,http://purl.obolibrary.org/obo/BFO_0000019,quality,2026-09-06,"OLS4 API, is_defining_ontology",,,,,,,,,,,,,,,,,,,,,,,
evidence,category,mirrored,http://purl.obolibrary.org/obo/ECO_0000000,evidence,2026-09-06,"OLS4 API, is_defining_ontology",,,,,,,,,,,,,,,,,,,,,,,
background_inference,category,mirrored,http://purl.obolibrary.org/obo/ECO_0000001,inference from background scientific knowledge,2026-09-06,"OLS4 API, is_defining_ontology",,,,,,,,,,,,,,,,,,,,,,,
information_content_entity,category,mirrored,http://purl.obolibrary.org/obo/IAO_0000030,information content entity,2026-09-06,"OLS4 API, is_defining_ontology",,,,,,,,,,,,,,,,,,,,,,,
software,category,mirrored,http://purl.obolibrary.org/obo/IAO_0000010,software,2026-09-06,"OLS4 API, is_defining_ontology",,,,,,,,,,,,,,,,,,,,,,,
measurement_datum,category,mirrored,http://purl.obolibrary.org/obo/IAO_0000109,measurement datum,2026-09-06,"OLS4 API, is_defining_ontology",,,,,,,,,,,,,,,,,,,,,,,
assay,category,mirrored,http://purl.obolibrary.org/obo/OBI_0000070,assay,2026-09-06,"OLS4 API, is_defining_ontology",,,,,,,,,,,,,,,,,,,,,,,
tropism,category,mirrored,http://purl.obolibrary.org/obo/GO_0009606,tropism,2026-09-06,"OLS4 API, is_defining_ontology",,,,,,,,,,,,,,,,,,,,,,,
response_to_ionizing_radiation,category,mirrored,http://purl.obolibrary.org/obo/GO_0010212,response to ionizing radiation,2026-09-06,"OLS4 API, is_defining_ontology",,,,,,,,,,,,,,,,,,,,,,,
pato_quality,category,mirrored,http://purl.obolibrary.org/obo/PATO_0000001,quality,2026-09-06,"OLS4 API, is_defining_ontology",,,,,,,,,,,,,,,,,,,,,,,
radiotropic,phenomenon,minted,https://github.com/aurascoper/Biofilms/onto#radiotropism,radiotropism,2026-09-06,minted,http://purl.obolibrary.org/obo/GO_0009606,semantic,displacement of biomass-parcel centroid per unit dose gradient; redistribution assay (child of OBI:0000070; no exact OBI class located),http://purl.obolibrary.org/obo/BFO_0000016,,,,,,,,,,,,,,,,,,,GO tropism is directional growth toward a stimulus; no term for ionizing radiation as the stimulus
radiotrophic,phenomenon,minted,https://github.com/aurascoper/Biofilms/onto#radiotrophy,radiotrophy,2026-09-06,minted,http://purl.obolibrary.org/obo/GO_0010212,semantic,"growth-rate ratio, irradiated over control, above 1; growth assay (child of OBI:0000070; no exact OBI class located)",http://purl.obolibrary.org/obo/BFO_0000016,,,,,,,,,,,,,,,,,,,GO:0010212 is neutral on direction; no growth-enhancement-by-ionizing-radiation phenotype in GO or OMP
radioresistant,phenomenon,minted,https://github.com/aurascoper/Biofilms/onto#radioresistance,radioresistance,2026-09-06,minted,http://purl.obolibrary.org/obo/PATO_0000001,semantic,"D10, dose for a one-log reduction in survival; colony-forming survival assay (child of OBI:0000070; no exact OBI class located)",http://purl.obolibrary.org/obo/BFO_0000019,,,,,,,,,,,,,,,,,,,PATO has no radiation-sensitivity quality; PATO:0001297 resolves but means reflectivity. OMP covers UV only
melanized_radioprotective,phenomenon,minted,https://github.com/aurascoper/Biofilms/onto#melanin_radioprotection,melanin radioprotection,2026-09-06,minted,http://purl.obolibrary.org/obo/BFO_0000016,semantic,"dose-modifying factor or survival difference, melanized against isogenic albino strain; survival assay (child of OBI:0000070; no exact OBI class located)",http://purl.obolibrary.org/obo/BFO_0000016,,,,,,,,,,,,,,,,,,,"GO:0042438 covers melanin synthesis, not protection; the nearest external class is the upper category"
radiation_responsive,phenomenon,mirrored,http://purl.obolibrary.org/obo/GO_0009314,response to radiation,2026-09-06,"OLS4 API, is_defining_ontology",,,"any measured molecular, morphological or material change after exposure; the assay is named per measurement",http://purl.obolibrary.org/obo/BFO_0000015,,,,,,,,,,,,,,,,,,,
direct_measurement,value_basis,mirrored,http://purl.obolibrary.org/obo/ECO_0000002,direct assay evidence,2026-09-06,"OLS4 API, is_defining_ontology",,,,,,,,,,,,,,,,,,,,,,,
assay_certificate,value_basis,minted,https://github.com/aurascoper/Biofilms/onto#assay_certificate,assay certificate,2026-09-06,minted,http://purl.obolibrary.org/obo/ECO_0000002,semantic,,,,,,,,,,,,,,,,,,,,,a certificate of analysis is direct assay evidence produced by a third party
manufacturer_datasheet,value_basis,minted,https://github.com/aurascoper/Biofilms/onto#manufacturer_datasheet,manufacturer datasheet,2026-09-06,minted,http://purl.obolibrary.org/obo/ECO_0000033,semantic,,,,,,,,,,,,,,,,,,,,,a datasheet is a traceable reference that is not a scholarly one
evaluated_nuclear_data,value_basis,minted,https://github.com/aurascoper/Biofilms/onto#evaluated_nuclear_data,evaluated nuclear data,2026-09-06,minted,http://purl.obolibrary.org/obo/ECO_0000033,semantic,,,,,,,,,,,,,,,,,,,,,"a published evaluation (LNHB, ENSDF); traceable, not a primary measurement"
proxy,value_basis,minted,https://github.com/aurascoper/Biofilms/onto#proxy_value,proxy value,2026-09-06,minted,http://purl.obolibrary.org/obo/ECO_0000001,semantic,,,,,,,,,,,,,,,,,,,,,a stand-in from a related system; inference from background knowledge that the systems agree
primary_literature,value_basis,mirrored,http://purl.obolibrary.org/obo/ECO_0000033,author statement supported by traceable reference,2026-09-06,"OLS4 API, is_defining_ontology",,,,,,,,,,,,,,,,,,,,,,,
derived,value_basis,unmapped,,,,,,,,,,,,,,,,,,,,,,,,,,,a SOURCE with an unresolved basis: inherits the weakest input (sec:planned_feedback); no evidence class may be asserted
declared,value_basis,minted,https://github.com/aurascoper/Biofilms/onto#declared,declared modelling choice,2026-09-06,minted,http://purl.obolibrary.org/obo/ECO_0000000,semantic,,,,,,,,,,,,,,,,,,,,,chosen with physical intent and no external referent; can become ready by measurement
synthetic,value_basis,minted,https://github.com/aurascoper/Biofilms/onto#synthetic,synthetic value,2026-09-06,minted,http://purl.obolibrary.org/obo/ECO_0000000,semantic,,,,,,,,,,,,,,,,,,,,,"explicitly non-physical, exists to exercise the software path; can never become ready by measurement"
computational,claim_basis,mirrored,http://purl.obolibrary.org/obo/ECO_0007672,computational evidence,2026-09-06,"OLS4 API, is_defining_ontology",,,,,,,,,,,,,,,,,,,,,,,
prior_search,claim_basis,minted,https://github.com/aurascoper/Biofilms/onto#prior_search,prior search with negative result,2026-09-06,minted,http://purl.obolibrary.org/obo/ECO_0000000,semantic,,,,,,,,,,,,,,,,,,,,,supports an absence claim; ECO has no verified absence-by-search code
primary_literature,claim_basis,mirrored,http://purl.obolibrary.org/obo/ECO_0000033,author statement supported by traceable reference,2026-09-06,"OLS4 API, is_defining_ontology",,,,,,,,,,,,,,,,,,,,,,,
derived,claim_basis,unmapped,,,,,,,,,,,,,,,,,,,,,,,,,,,as on the value axis
declared,claim_basis,minted,https://github.com/aurascoper/Biofilms/onto#declared,declared modelling choice,2026-09-06,minted,http://purl.obolibrary.org/obo/ECO_0000000,semantic,,,,,,,,,,,,,,,,,,,,,
synthetic,claim_basis,minted,https://github.com/aurascoper/Biofilms/onto#synthetic,synthetic value,2026-09-06,minted,http://purl.obolibrary.org/obo/ECO_0000000,semantic,,,,,,,,,,,,,,,,,,,,,
simulation_output,source,minted,https://github.com/aurascoper/Biofilms/onto#simulation_output,simulation output,2026-09-06,minted,http://purl.obolibrary.org/obo/IAO_0000030,semantic,,,,,,,,,,,,,,,,,,,,,
code,source,minted,https://github.com/aurascoper/Biofilms/onto#source_code,source code,2026-09-06,minted,http://purl.obolibrary.org/obo/IAO_0000010,semantic,,,,,,,,,,,,,,,,,,,,,
code_inspection,source,minted,https://github.com/aurascoper/Biofilms/onto#code_inspection,human reading of source code,2026-09-06,minted,http://purl.obolibrary.org/obo/IAO_0000030,semantic,,,,,,,,,,,,,,,,,,,,,
repository_policy,source,minted,https://github.com/aurascoper/Biofilms/onto#repository_policy,repository policy document,2026-09-06,minted,http://purl.obolibrary.org/obo/IAO_0000030,semantic,,,,,,,,,,,,,,,,,,,,,
absent,null,minted,https://github.com/aurascoper/Biofilms/onto#evidence_absent,"audited, nothing supports it",2026-09-06,minted,,,,,,,,,,,,,,,,,,,,,,,
blank,null,minted,https://github.com/aurascoper/Biofilms/onto#evidence_not_established,not established,2026-09-06,minted,,,,,,,,,,,,,,,,,,,,,,,"the empty string in a ledger; ""empty is not zero"""
Length,quantity_kind,mirrored,http://qudt.org/vocab/quantitykind/Length,Length,2026-09-06,QUDT v3.5.1 VOCAB_QUDT-QUANTITY-KINDS-ALL.ttl,,,,,,,,,1,0,0,0,0,0,0,0,,,,,,,
Dimensionless,quantity_kind,mirrored,http://qudt.org/vocab/quantitykind/Dimensionless,Dimensionless,2026-09-06,QUDT v3.5.1 VOCAB_QUDT-QUANTITY-KINDS-ALL.ttl,,,,,,,,,0,0,0,0,0,0,0,0,,,,,,a pure number; the QUDT catch-all kind for ratios with no other named kind,
Energy,quantity_kind,mirrored,http://qudt.org/vocab/quantitykind/Energy,Energy,2026-09-06,QUDT v3.5.1 VOCAB_QUDT-QUANTITY-KINDS-ALL.ttl,,,,,,,,,2,1,-2,0,0,0,0,0,,,,,,,
MassDensity,quantity_kind,mirrored,http://qudt.org/vocab/quantitykind/MassDensity,Mass Density,2026-09-06,QUDT v3.5.1 VOCAB_QUDT-QUANTITY-KINDS-ALL.ttl,,,,,,,,,-3,1,0,0,0,0,0,0,,,,,,,
Time,quantity_kind,mirrored,http://qudt.org/vocab/quantitykind/Time,Time,2026-09-06,QUDT v3.5.1 VOCAB_QUDT-QUANTITY-KINDS-ALL.ttl,,,,,,,,,0,0,1,0,0,0,0,0,,,,,,,
DiffusionCoefficient,quantity_kind,mirrored,http://qudt.org/vocab/quantitykind/DiffusionCoefficient,Diffusion Coefficient,2026-09-06,QUDT v3.5.1 VOCAB_QUDT-QUANTITY-KINDS-ALL.ttl,,,,,,,,,2,0,-1,0,0,0,0,0,,,,,,,
Velocity,quantity_kind,mirrored,http://qudt.org/vocab/quantitykind/Velocity,Velocity,2026-09-06,QUDT v3.5.1 VOCAB_QUDT-QUANTITY-KINDS-ALL.ttl,,,,,,,,,1,0,-1,0,0,0,0,0,,,,,,,
NumberDensity,quantity_kind,mirrored,http://qudt.org/vocab/quantitykind/NumberDensity,Number Density,2026-09-06,QUDT v3.5.1 VOCAB_QUDT-QUANTITY-KINDS-ALL.ttl,,,,,,,,,-3,0,0,0,0,0,0,0,,,,,,,
AngularVelocity,quantity_kind,mirrored,http://qudt.org/vocab/quantitykind/AngularVelocity,Angular Velocity,2026-09-06,QUDT v3.5.1 VOCAB_QUDT-QUANTITY-KINDS-ALL.ttl,,,,,,,,,0,0,-1,0,0,0,0,0,,,,,,,
Count,quantity_kind,mirrored,http://qudt.org/vocab/quantitykind/Count,Count,2026-09-06,QUDT v3.5.1 VOCAB_QUDT-QUANTITY-KINDS-ALL.ttl,,,,,,,,,0,0,0,0,0,0,0,0,,,,,,a number of discrete items; what was counted is in count_of,
Volume,quantity_kind,mirrored,http://qudt.org/vocab/quantitykind/Volume,Volume,2026-09-06,QUDT v3.5.1 VOCAB_QUDT-QUANTITY-KINDS-ALL.ttl,,,,,,,,,3,0,0,0,0,0,0,0,,,,,,,
MassFraction,quantity_kind,mirrored,http://qudt.org/vocab/quantitykind/MassFraction,Mass Fraction,2026-09-06,QUDT v3.5.1 VOCAB_QUDT-QUANTITY-KINDS-ALL.ttl,,,,,,,,,0,0,0,0,0,0,0,0,,,,,,"mass of a component over mass of the whole, both hydrated or both dry as the ledger's basis column says",
MassRatio,quantity_kind,mirrored,http://qudt.org/vocab/quantitykind/MassRatio,Mass Ratio,2026-09-06,QUDT v3.5.1 VOCAB_QUDT-QUANTITY-KINDS-ALL.ttl,,,,,,,,,0,0,0,0,0,0,0,0,,,,,,"mass of one thing per mass of another, here sorbate per dry biomass (mg per g dry)",
MassConcentration,quantity_kind,mirrored,http://qudt.org/vocab/quantitykind/MassConcentration,Mass Concentration,2026-09-06,QUDT v3.5.1 VOCAB_QUDT-QUANTITY-KINDS-ALL.ttl,,,,,,,,,-3,1,0,0,0,0,0,0,,,,,,,
InverseTime,quantity_kind,mirrored,http://qudt.org/vocab/quantitykind/InverseTime,Inverse Time,2026-09-06,QUDT v3.5.1 VOCAB_QUDT-QUANTITY-KINDS-ALL.ttl,,,,,,,,,0,0,-1,0,0,0,0,0,,,,,,,
ExposureRate,quantity_kind,mirrored,http://qudt.org/vocab/quantitykind/ExposureRate,Exposure Rate,2026-09-06,QUDT v3.5.1 VOCAB_QUDT-QUANTITY-KINDS-ALL.ttl,,,,,,,,,0,-1,0,1,0,0,0,0,,,,,,,
Exposure,quantity_kind,mirrored,http://qudt.org/vocab/quantitykind/Exposure,Exposure,2026-09-06,QUDT v3.5.1 VOCAB_QUDT-QUANTITY-KINDS-ALL.ttl,,,,,,,,,0,-1,1,1,0,0,0,0,,,,,,,
AbsorbedDoseRate,quantity_kind,mirrored,http://qudt.org/vocab/quantitykind/AbsorbedDoseRate,Absorbed Dose Rate,2026-09-06,QUDT v3.5.1 VOCAB_QUDT-QUANTITY-KINDS-ALL.ttl,,,,,,,,,2,0,-3,0,0,0,0,0,,,,,,,
AbsorbedDose,quantity_kind,mirrored,http://qudt.org/vocab/quantitykind/AbsorbedDose,Absorbed Dose,2026-09-06,QUDT v3.5.1 VOCAB_QUDT-QUANTITY-KINDS-ALL.ttl,,,,,,,,,2,0,-2,0,0,0,0,0,,,,,,,
radiation_sensitivity,quantity_kind,minted,https://github.com/aurascoper/Biofilms/onto#radiation_sensitivity,radiation sensitivity (per absorbed dose),2026-09-06,minted,http://qudt.org/vocab/quantitykind/AbsorbedDose,semantic,,,,,,,-2,0,2,0,0,0,0,0,,,,,,beta_s_ion in the acceptance term: per gray of absorbed dose,
mass_yield_per_dose,quantity_kind,minted,https://github.com/aurascoper/Biofilms/onto#mass_yield_per_dose,mass produced per organism per absorbed dose,2026-09-06,minted,http://qudt.org/vocab/quantitykind/AbsorbedDose,semantic,,,,,,,-2,1,2,0,0,0,0,0,,,,,,alpha_M: melanin mass produced per organism per gray,the per-organism factor is a count and carries no dimension
cm,unit,mirrored,http://qudt.org/vocab/unit/CentiM,Centimeter,2026-09-06,QUDT v3.5.1 VOCAB_QUDT-UNITS-ALL.ttl,,,,,,SI,Length,,1,0,0,0,0,0,0,0,,,,,,,
dimensionless,unit,mirrored,http://qudt.org/vocab/unit/UNITLESS,Unitless,2026-09-06,QUDT v3.5.1 VOCAB_QUDT-UNITS-ALL.ttl,,,,,,SI,Dimensionless,,0,0,0,0,0,0,0,0,,,,,,,
(declared dimensionless),unit,mirrored,http://qudt.org/vocab/unit/UNITLESS,Unitless,2026-09-06,QUDT v3.5.1 VOCAB_QUDT-UNITS-ALL.ttl,,,,,,SI,Dimensionless,,0,0,0,0,0,0,0,0,,,,,,,
eV,unit,mirrored,http://qudt.org/vocab/unit/EV,Electron Volt,2026-09-06,QUDT v3.5.1 VOCAB_QUDT-UNITS-ALL.ttl,,,,,,SI,Energy,,2,1,-2,0,0,0,0,0,,,,,,,
g_cm3,unit,mirrored,http://qudt.org/vocab/unit/GM-PER-CentiM3,Gram per Cubic Centimeter,2026-09-06,QUDT v3.5.1 VOCAB_QUDT-UNITS-ALL.ttl,,,,,,SI,MassDensity,,-3,1,0,0,0,0,0,0,,,,,,,
s,unit,mirrored,http://qudt.org/vocab/unit/SEC,Second,2026-09-06,QUDT v3.5.1 VOCAB_QUDT-UNITS-ALL.ttl,,,,,,SI,Time,,0,0,1,0,0,0,0,0,,,,,,,
a,unit,mirrored,http://qudt.org/vocab/unit/YR,Year,2026-09-06,QUDT v3.5.1 VOCAB_QUDT-UNITS-ALL.ttl,,,,,,SI,Time,,0,0,1,0,0,0,0,0,,,,,,,annum; the ledger's half-life unit
um/s,unit,mirrored,http://qudt.org/vocab/unit/MicroM-PER-SEC,Micrometer per Second,2026-09-06,QUDT v3.5.1 VOCAB_QUDT-UNITS-ALL.ttl,,,,,,SI,Velocity,,1,0,-1,0,0,0,0,0,,,,,,,
cells mm^-3,unit,mirrored,http://qudt.org/vocab/unit/NUM-PER-MilliM3,Number per Cubic Millimeter,2026-09-06,QUDT v3.5.1 VOCAB_QUDT-UNITS-ALL.ttl,,,,,,SI,NumberDensity,cell,-3,0,0,0,0,0,0,0,,,,,,,
rad hr^-1,unit,mirrored,http://qudt.org/vocab/unit/RAD-PER-HR,Radian per Hour,2026-09-06,QUDT v3.5.1 VOCAB_QUDT-UNITS-ALL.ttl,,,,,,SI,AngularVelocity,,0,0,-1,0,0,0,0,0,,,,,,,"phase-locking frequency: radians, an angle, NOT the absorbed-dose rad (unit:RAD_R, L2 T-2)"
cm3,unit,mirrored,http://qudt.org/vocab/unit/CentiM3,Cubic Centimeter,2026-09-06,QUDT v3.5.1 VOCAB_QUDT-UNITS-ALL.ttl,,,,,,SI,Volume,,3,0,0,0,0,0,0,0,,,,,,,
mass_fraction,unit,mirrored,http://qudt.org/vocab/unit/UNITLESS,Unitless,2026-09-06,QUDT v3.5.1 VOCAB_QUDT-UNITS-ALL.ttl,,,,,,SI,MassFraction,,0,0,0,0,0,0,0,0,,,,,,,dimensionless by definition; the kind carries the meaning
per_s,unit,mirrored,http://qudt.org/vocab/unit/PER-SEC,Reciprocal Second,2026-09-06,QUDT v3.5.1 VOCAB_QUDT-UNITS-ALL.ttl,,,,,,SI,InverseTime,photon,0,0,-1,0,0,0,0,0,,,,,,,"photons per second, a count rate"
mg_per_g_dry,unit,mirrored,http://qudt.org/vocab/unit/MilliGM-PER-GM,Milligram per Gram,2026-09-06,QUDT v3.5.1 VOCAB_QUDT-UNITS-ALL.ttl,,,,,,SI,MassRatio,,0,0,0,0,0,0,0,0,,,,,,,"per dry biomass; the basis travels in the ledger's basis column, not in the unit"
mg_per_L,unit,mirrored,http://qudt.org/vocab/unit/MilliGM-PER-L,Milligram per Liter,2026-09-06,QUDT v3.5.1 VOCAB_QUDT-UNITS-ALL.ttl,,,,,,SI,MassConcentration,,-3,1,0,0,0,0,0,0,,,,,,,
cm2_per_s,unit,mirrored,http://qudt.org/vocab/unit/CentiM2-PER-SEC,Square Centimeter per Second,2026-09-06,QUDT v3.5.1 VOCAB_QUDT-UNITS-ALL.ttl,,,,,,SI,DiffusionCoefficient,,2,0,-1,0,0,0,0,0,,,,,,,
Gy,unit,mirrored,http://qudt.org/vocab/unit/GRAY,Gray,2026-09-06,QUDT v3.5.1 VOCAB_QUDT-UNITS-ALL.ttl,,,,,,SI,AbsorbedDose,,2,0,-2,0,0,0,0,0,,,,,,,
mGy h^-1,unit,mirrored,http://qudt.org/vocab/unit/MilliGRAY-PER-HR,Milligray per Hour,2026-09-06,QUDT v3.5.1 VOCAB_QUDT-UNITS-ALL.ttl,,,,,,SI,AbsorbedDoseRate,,2,0,-3,0,0,0,0,0,,,,,,,
R,unit,mirrored,http://qudt.org/vocab/unit/R,Roentgen,2026-09-06,QUDT v3.5.1 VOCAB_QUDT-UNITS-ALL.ttl,,,,,,SI,Exposure,,0,-1,1,1,0,0,0,0,,,,,,,"exposure, coulomb per kilogram; manuscript only"
um^2/s,unit,minted,https://github.com/aurascoper/Biofilms/onto#square_micrometer_per_second,square micrometer per second,2026-09-06,minted,http://qudt.org/vocab/unit/CentiM2-PER-SEC,same_dimension,,,,SI,DiffusionCoefficient,,2,0,-1,0,0,0,0,0,,,,,,,QUDT v3.5.1 has MicroM2 and CentiM2-PER-SEC but no MicroM2-PER-SEC; UCUM um2/s
Gy^-1,unit,minted,https://github.com/aurascoper/Biofilms/onto#per_gray,per gray,2026-09-06,minted,http://qudt.org/vocab/unit/GRAY,semantic,,,,SI,radiation_sensitivity,,-2,0,2,0,0,0,0,0,,,,,,,no PER-GRAY in QUDT v3.5.1; UCUM /Gy
ug cell^-1 Gy^-1,unit,minted,https://github.com/aurascoper/Biofilms/onto#microgram_per_cell_per_gray,microgram per cell per gray,2026-09-06,minted,http://qudt.org/vocab/unit/GRAY,semantic,,,,SI,mass_yield_per_dose,cell,-2,1,2,0,0,0,0,0,,,,,,,UCUM ug/({cell}.Gy); {cell} is an annotation equal to 1
species,unit,minted,https://github.com/aurascoper/Biofilms/onto#count_of_species,count of species,2026-09-06,minted,http://qudt.org/vocab/unit/UNITLESS,same_dimension,,,,SI,Count,species,0,0,0,0,0,0,0,0,,,,,,,"a table-header claim's unit, not a physical one"
rows,unit,minted,https://github.com/aurascoper/Biofilms/onto#count_of_rows,count of rows,2026-09-06,minted,http://qudt.org/vocab/unit/UNITLESS,same_dimension,,,,SI,Count,rows,0,0,0,0,0,0,0,0,,,,,,,"a whole-table claim's unit, not a physical one"
R h^-1,unit,minted,https://github.com/aurascoper/Biofilms/onto#roentgen_per_hour,roentgen per hour,2026-09-06,minted,http://qudt.org/vocab/unit/R,semantic,,,,SI,ExposureRate,,0,-1,0,1,0,0,0,0,,,,,,,"exposure rate, M-1 I. The manuscript's 0.03 R/h to 0.3 mGy/h conversion is Robertson's stated equivalence and stays in prose; no QUDT R-PER-HR at v3.5.1"
n/a,unit,minted,https://github.com/aurascoper/Biofilms/onto#unit_not_applicable,no unit applies,2026-09-06,minted,http://qudt.org/vocab/unit/UNITLESS,same_dimension,,,,SI,none,,0,0,0,0,0,0,0,0,,,,,,,the distributions ledger's marker for a row that carries no value
hydroxyl,category,mirrored,http://purl.obolibrary.org/obo/CHEBI_29191,hydroxyl,2026-09-06,"OLS4 API, is_defining_ontology",,,,,,,,,,,,,,,,,,,,,,,"IUPAC hydroxyl radical; a radiolysis product, used as a cross-reference only"
SecondOrderReactionRateConstant,quantity_kind,mirrored,http://qudt.org/vocab/quantitykind/SecondOrderReactionRateConstant,Reaction Rate Constant,2026-09-06,QUDT v3.5.1 VOCAB_QUDT-QUANTITY-KINDS-ALL.ttl,,,,,,,,,3,0,-1,0,0,-1,0,0,,,,,,,
SoilAdsorptionCoefficient,quantity_kind,mirrored,http://qudt.org/vocab/quantitykind/SoilAdsorptionCoefficient,Soil Adsorption Coefficient,2026-09-06,QUDT v3.5.1 VOCAB_QUDT-QUANTITY-KINDS-ALL.ttl,,,,,,,,,3,-1,0,0,0,0,0,0,,,,,,,
VolumeFraction,quantity_kind,mirrored,http://qudt.org/vocab/quantitykind/VolumeFraction,Volume Fraction,2026-09-06,QUDT v3.5.1 VOCAB_QUDT-QUANTITY-KINDS-ALL.ttl,,,,,,,,,0,0,0,0,0,0,0,0,,,,,,volume of a component over volume of the whole,
henry_isotherm,model_term,minted,https://github.com/aurascoper/Biofilms/onto#henry_isotherm,Henry (linear) sorption isotherm,2026-09-06,minted,http://purl.obolibrary.org/obo/IAO_0000030,semantic,,,,,,,,,,,,,,,,,,,,"equilibrium sorption linear in concentration with no site limit, s = K_H c; the shipped kinetic form is first-order in c (analysis/henry_langmuir_bound.R)",
langmuir_isotherm,model_term,minted,https://github.com/aurascoper/Biofilms/onto#langmuir_isotherm,Langmuir sorption isotherm,2026-09-06,minted,http://purl.obolibrary.org/obo/IAO_0000030,semantic,,,,,,,,,,,,,,,,,,,,"site-limited sorption s = q_max K_L c / (1 + K_L c); compared with the Henry form over the solver's range in analysis/henry_langmuir_bound.R, not implemented in the solver",
robin_boundary_condition,model_term,minted,https://github.com/aurascoper/Biofilms/onto#robin_boundary_condition,Robin (third-type) boundary condition,2026-09-06,minted,http://purl.obolibrary.org/obo/IAO_0000030,semantic,,,,,,,,,,,,,,,,,,,,"-D_eff dc/dr at the outer face = h (c(R,t) - c_ext); h is P_eff(t) in the cylindrical preset (biofilms_potts.jl:1338) and k_L in the slab preset (biofilms_radiodialysis.R:302), and the producer declares which",
donnan_dialysis,model_term,minted,https://github.com/aurascoper/Biofilms/onto#donnan_dialysis,Donnan dialysis,2026-09-06,minted,http://purl.obolibrary.org/obo/BFO_0000015,semantic,,,,,,,,,,,,,,,,,,,,"ion transport across a charged membrane driven by the Donnan potential (Fox et al. 2009, Nafion); the process the cylindrical preset's membrane term stands for",
radiolysis_of_water,model_term,minted,https://github.com/aurascoper/Biofilms/onto#radiolysis_of_water,radiolysis of water,2026-09-06,minted,http://purl.obolibrary.org/obo/BFO_0000015,semantic,,,http://purl.obolibrary.org/obo/CHEBI_29191,,,,,,,,,,,,,,,,,"decomposition of water by ionizing radiation into radical and molecular products; not simulated, the membrane damage ODE dm/dt = -k_dam Ddot m is its stand-in","hydroxyl (CHEBI:29191) is a product, cross-referenced, not a parent"
biosorption,model_term,minted,https://github.com/aurascoper/Biofilms/onto#biosorption,biosorption,2026-09-06,minted,http://purl.obolibrary.org/obo/BFO_0000015,semantic,,,,,,,,,,,,,,,,,,,,"uptake of the mobile contaminant onto immobile biomass at rate (k_ads X) c, equation (2) of the radial model",
bioreduction,model_term,minted,https://github.com/aurascoper/Biofilms/onto#bioreduction,bioreduction,2026-09-06,minted,http://purl.obolibrary.org/obo/BFO_0000015,semantic,,,,,,,,,,,,,,,,,,,,"enzymatic reduction by the metal-reducing biomass fraction at rate (k_red X_red) c, equation (2) of the radial model",
effective_diffusivity,quantity_kind,minted,https://github.com/aurascoper/Biofilms/onto#effective_diffusivity,effective diffusivity in the biofilm,2026-09-06,minted,http://qudt.org/vocab/quantitykind/DiffusionCoefficient,same_dimension,,,,,,,2,0,-1,0,0,0,0,0,,,,,,"the coefficient D_eff in the radial PDE, D_eff = D eps / tau by declared convention; RadiolysisParams.D_eff, cm2 s-1; the slab preset declares it molecular",
D_N_bio,quantity_kind,minted,https://github.com/aurascoper/Biofilms/onto#nutrient_diffusivity_biofilm,nutrient diffusivity through biofilm,2026-09-06,minted,http://qudt.org/vocab/quantitykind/DiffusionCoefficient,same_dimension,,,,,,,2,0,-1,0,0,0,0,0,,,,,,"D_N,bio: enters phi_0 and Fo_N; exists in the model in lattice units only, as the code's D_C = 0.2 latt2 per field step (a symbol collision with the contaminant); physical units need pitch and clock","sheet: internal transport architecture schematic 2026-09-03 r2, panel E"
D_C_bio,quantity_kind,minted,https://github.com/aurascoper/Biofilms/onto#contaminant_diffusivity_biofilm,contaminant diffusivity through biofilm (film scale),2026-09-06,minted,http://qudt.org/vocab/quantitykind/DiffusionCoefficient,same_dimension,,,,,,,2,0,-1,0,0,0,0,0,,,,,,"D_C,bio: the Tier 1 contaminant PDE coefficient and the Tier 0 reactor model's film-scale value; physically named, endpoints two-sided","sheet r2, panel E"
D_C_app,quantity_kind,minted,https://github.com/aurascoper/Biofilms/onto#contaminant_diffusivity_apparent,apparent contaminant coefficient in the bench cell (sorption-lumped),2026-09-06,minted,http://qudt.org/vocab/quantitykind/DiffusionCoefficient,same_dimension,,,,,,,2,0,-1,0,0,0,0,0,,,,,,"D_C,app: what a bench-cell fit returns when sorption is lumped into diffusion; where the bench data will land; needs a declared and validated sorption model to unlump","sheet r2, panel E"
D_C_disp,quantity_kind,minted,https://github.com/aurascoper/Biofilms/onto#contaminant_dispersion_reactor,reactor-scale contaminant dispersion coefficient,2026-09-06,minted,http://qudt.org/vocab/quantitykind/DiffusionCoefficient,same_dimension,,,,,,,2,0,-1,0,0,0,0,0,,,,,,"D_C,disp: the advection-dispersion coefficient of the Tier 0 reactor model; the sheet's own addition, pinned by tracer tests under operating conditions","sheet r2, panel E"
membrane_permeability_coefficient,quantity_kind,minted,https://github.com/aurascoper/Biofilms/onto#membrane_permeability_coefficient,membrane permeability coefficient,2026-09-06,minted,http://qudt.org/vocab/quantitykind/Velocity,same_dimension,,,,,,,1,0,-1,0,0,0,0,0,,,,,,"P_eff(t) = P0 exp(alpha_P D_cum), the Robin coefficient at the membrane wall, cm s-1; QUDT Permeability is magnetic and HydraulicPermeability is L2, neither applies",
liquid_film_mass_transfer_coefficient,quantity_kind,minted,https://github.com/aurascoper/Biofilms/onto#liquid_film_mass_transfer_coefficient,liquid-film mass-transfer coefficient,2026-09-06,minted,http://qudt.org/vocab/quantitykind/Velocity,same_dimension,,,,,,,1,0,-1,0,0,0,0,0,,,,,,"k_L, the Robin coefficient at the slab's bulk-liquid face, time-invariant, cm s-1; not P_eff (biofilms_radiodialysis.R:302)",
second_order_sorption_rate_constant,quantity_kind,minted,https://github.com/aurascoper/Biofilms/onto#second_order_sorption_rate_constant,second-order sorption rate constant (mass basis),2026-09-06,minted,http://qudt.org/vocab/quantitykind/SecondOrderReactionRateConstant,semantic,,,,,,,3,-1,-1,0,0,0,0,0,,,,,,"k_ads and k_red, cm3 g-1 s-1: rate per unit dry-biomass density; QUDT's kind is per mole, so the parent is by meaning, not dimension",
first_order_rate_constant,quantity_kind,minted,https://github.com/aurascoper/Biofilms/onto#first_order_rate_constant,first-order rate constant,2026-09-06,minted,http://qudt.org/vocab/quantitykind/InverseTime,same_dimension,,,,,,,0,0,-1,0,0,0,0,0,,,,,,"k_des and k_loss, s-1: desorption and immobile-phase loss in equation (2)",
damage_rate_per_dose,quantity_kind,minted,https://github.com/aurascoper/Biofilms/onto#damage_rate_per_dose,damage rate per absorbed dose,2026-09-06,minted,http://qudt.org/vocab/quantitykind/AbsorbedDose,semantic,,,,,,,-2,0,2,0,0,0,0,0,,,,,,"k_dam in dm/dt = -k_dam Ddot m and alpha_P in P_eff = P0 exp(alpha_P D_cum), both Gy-1; a per-dose rate, parent by meaning",
sorption_partition_coefficient,quantity_kind,minted,https://github.com/aurascoper/Biofilms/onto#sorption_partition_coefficient,Henry sorption partition coefficient,2026-09-06,minted,http://qudt.org/vocab/quantitykind/SoilAdsorptionCoefficient,same_dimension,,,,,,,3,-1,0,0,0,0,0,0,,,,,,"K_H = k_ads / k_des, cm3 g-1: sorbed per dry biomass over dissolved per volume at equilibrium; s/c = K_H X is then dimensionless",
langmuir_capacity,quantity_kind,minted,https://github.com/aurascoper/Biofilms/onto#langmuir_capacity,Langmuir sorption capacity,2026-09-06,minted,http://qudt.org/vocab/quantitykind/MassRatio,same_dimension,,,,,,,0,0,0,0,0,0,0,0,,,,,,"q_max, sorbate mass per dry biomass mass at saturation; X_max = q_max rho_dry is a prior on a prior (sec:planned_feedback)",
langmuir_affinity,quantity_kind,minted,https://github.com/aurascoper/Biofilms/onto#langmuir_affinity,Langmuir affinity constant,2026-09-06,minted,http://qudt.org/vocab/quantitykind/SoilAdsorptionCoefficient,same_dimension,,,,,,,3,-1,0,0,0,0,0,0,,,,,,"K_L, per concentration (cm3 g-1): the reciprocal of the concentration at half saturation",
porosity,quantity_kind,minted,https://github.com/aurascoper/Biofilms/onto#porosity,porosity,2026-09-06,minted,http://qudt.org/vocab/quantitykind/VolumeFraction,same_dimension,,http://purl.obolibrary.org/obo/BFO_0000019,,,,,0,0,0,0,0,0,0,0,,,,,,"eps = V_void / V_total of the biofilm; a quality of the material, entering D_eff = D eps / tau by declared convention; no source file carries it",
tortuosity,quantity_kind,minted,https://github.com/aurascoper/Biofilms/onto#tortuosity,tortuosity,2026-09-06,minted,http://qudt.org/vocab/quantitykind/Dimensionless,same_dimension,,http://purl.obolibrary.org/obo/BFO_0000019,,,,,0,0,0,0,0,0,0,0,,,,,,"tau, the path-length factor in D_eff = D eps / tau by declared convention; no source file carries it",
thiele_modulus,quantity_kind,minted,https://github.com/aurascoper/Biofilms/onto#thiele_modulus_zeroth_order,Thiele modulus (zeroth-order uptake),2026-09-06,minted,http://qudt.org/vocab/quantitykind/Dimensionless,same_dimension,,,,,,,0,0,0,0,0,0,0,0,,,,,,"phi_0 = L sqrt(k_0 / (D_N,bio N_w)); the core depletes once phi_0 > sqrt(2); computable now in lattice units, pitch and clock cancel; the first-order phi_N = L sqrt(k_N / D_N,bio) awaits a law",sheet r2
effectiveness_factor,quantity_kind,minted,https://github.com/aurascoper/Biofilms/onto#effectiveness_factor,effectiveness factor (slab),2026-09-06,minted,http://qudt.org/vocab/quantitykind/Dimensionless,same_dimension,,,,,,,0,0,0,0,0,0,0,0,,,,,,"eta = min(1, sqrt(2) / phi_0) for zeroth-order uptake; eta = 1 while phi_0 <= sqrt(2); the first-order tanh(phi_N)/phi_N is future",sheet r2
fourier_number,quantity_kind,minted,https://github.com/aurascoper/Biofilms/onto#fourier_number,Fourier number (transient diffusion),2026-09-06,minted,http://qudt.org/vocab/quantitykind/Dimensionless,same_dimension,,,,,,,0,0,0,0,0,0,0,0,,,,,,"Fo_N = D_N t / L^2; the diffusion time scale; requires D_N in physical units, L in metres and t in seconds, so it is not computable until pitch and clock exist",sheet r2
LinearAttenuationCoefficient,quantity_kind,mirrored,http://qudt.org/vocab/quantitykind/LinearAttenuationCoefficient,Linear Attenuation Coefficient,2026-09-06,QUDT v3.5.1 VOCAB_QUDT-QUANTITY-KINDS-ALL.ttl,,,,,,,,,-1,0,0,0,0,0,0,0,,,,,,,
cpm_energy,quantity_kind,minted,https://github.com/aurascoper/Biofilms/onto#cpm_energy,CPM Hamiltonian energy,2026-09-06,minted,http://qudt.org/vocab/quantitykind/Energy,semantic,,,,,,,0,0,0,0,0,0,0,1,,,,,,"the unit of Delta H, T_cpm = 5.0, lambda_V and the beta_ion coefficients inside the Hamiltonian; the CPM's own energy base, with no conversion to joules",
latt,unit,minted,https://github.com/aurascoper/Biofilms/onto#lattice_site_length,lattice site length,2026-09-06,minted,http://qudt.org/vocab/unit/CentiM,same_dimension,,,,lattice,Length,,1,0,0,0,0,0,0,0,,,,,,"one CPM site edge; the physical length a per site is the D-PITCH conversion, blocked",
MCS,unit,minted,https://github.com/aurascoper/Biofilms/onto#monte_carlo_step,Monte Carlo step,2026-09-06,minted,http://qudt.org/vocab/unit/SEC,same_dimension,,,,lattice,Time,,0,0,1,0,0,0,0,0,,,,,,"one CPM sweep; seconds per MCS is the MCS->s conversion, blocked",
field_step,unit,minted,https://github.com/aurascoper/Biofilms/onto#field_step,field update step,2026-09-06,minted,http://qudt.org/vocab/unit/SEC,same_dimension,,,,lattice,Time,,0,0,1,0,0,0,0,0,,,,,,the reaction-diffusion sub-step: dt_field = 0.5 MCS per field update (CPMParams.dt_field),
H,unit,minted,https://github.com/aurascoper/Biofilms/onto#hamiltonian_unit,Hamiltonian energy unit,2026-09-06,minted,http://qudt.org/vocab/unit/EV,semantic,,,,lattice,cpm_energy,,0,0,0,0,0,0,0,1,,,,,,"the CPM's energy base; Delta H and T_cpm are in it; not joules, not eV",
latt^2/field_step,unit,minted,https://github.com/aurascoper/Biofilms/onto#latt2_per_field_step,square lattice length per field step,2026-09-06,minted,http://qudt.org/vocab/unit/CentiM2-PER-SEC,same_dimension,,,,lattice,DiffusionCoefficient,,2,0,-1,0,0,0,0,0,,,,,,"D_C = 0.2 and D_M = 0.1 (CPMParams); the sheet's D_N,bio value lives here; 0.1 latt^2 per MCS after dt_field",
latt^2/MCS,unit,minted,https://github.com/aurascoper/Biofilms/onto#latt2_per_mcs,square lattice length per Monte Carlo step,2026-09-06,minted,http://qudt.org/vocab/unit/CentiM2-PER-SEC,same_dimension,,,,lattice,DiffusionCoefficient,,2,0,-1,0,0,0,0,0,,,,,,the species motility coefficients D_s (CPMParams),
per_latt,unit,minted,https://github.com/aurascoper/Biofilms/onto#per_lattice_length,per lattice site length,2026-09-06,minted,http://qudt.org/vocab/quantitykind/LinearAttenuationCoefficient,same_dimension,,,,lattice,LinearAttenuationCoefficient,,-1,0,0,0,0,0,0,0,,,,,,kappa = 2.0 in I = I0 exp(-kappa |x|) with x in sites,
per_field_step,unit,minted,https://github.com/aurascoper/Biofilms/onto#per_field_step,per field step,2026-09-06,minted,http://qudt.org/vocab/unit/PER-SEC,same_dimension,,,,lattice,InverseTime,,0,0,-1,0,0,0,0,0,,,,,,"the zeroth-order nutrient uptake rates (CPMParams.uptake, the sheet's k_0) per field update",
sites,unit,minted,https://github.com/aurascoper/Biofilms/onto#lattice_sites,lattice sites,2026-09-06,minted,http://qudt.org/vocab/unit/UNITLESS,same_dimension,,,,lattice,Count,site,0,0,0,0,0,0,0,0,,,,,,"V_target = 120 and N^3: counts of sites, a volume only after the pitch exists",
normalised,unit,minted,https://github.com/aurascoper/Biofilms/onto#normalised,normalised to a reference value,2026-09-06,minted,http://qudt.org/vocab/unit/UNITLESS,same_dimension,,,,lattice,Dimensionless,,0,0,0,0,0,0,0,0,,,,,,"I_gamma / I0 with I0 = 1, nutrient C / C_wall with C_wall = 1, contaminant c / c_ext with c_ext = 1",
placeholder,unit,minted,https://github.com/aurascoper/Biofilms/onto#unit_placeholder,a number that has not been given a unit,2026-09-06,minted,http://qudt.org/vocab/unit/UNITLESS,semantic,,,,lattice,none,,0,0,0,0,0,0,0,0,,,,,,"Ddot_R = 1.0 in the coupled diagnostic and the D_cum it accumulates: printed as a dimensionless placeholder, not Gy, because no seconds_per_mcs exists (biofilms_potts.jl:1811); the '50 Gy cumulative' annotation was withdrawn for giving it one (e4021c0)",a placeholder may not acquire a quantity kind; the test pins that
latt->m,conversion,minted,https://github.com/aurascoper/Biofilms/onto#conversion_latt_to_m,lattice length to metres,2026-09-06,minted,,,,,,lattice,,,,,,,,,,,blocked,,D-PITCH,,,a = (V_phys / V_target)^(1/3) is necessary and not sufficient (the product alone is fixed); select_pitch() over time-resolved microscopy stacks returns the factor,"the pitch-and-clock gate, in the file it gates"
MCS->s,conversion,minted,https://github.com/aurascoper/Biofilms/onto#conversion_mcs_to_s,Monte Carlo step to seconds,2026-09-06,minted,,,,,,lattice,,,,,,,,,,,blocked,,D-TIMESERIES,latt->m,,Delta t_MCS = a^2 S_sim / S_exp (docs/calibration/time_observable_contract.md); S_exp is the decay of the biomass autocorrelation length over time-resolved stacks (D-TIMEOBS selected it); needs the pitch first,
latt->cm (synthetic dosimetry),conversion,minted,https://github.com/aurascoper/Biofilms/onto#conversion_synthetic_voxel_pitch,synthetic reference voxel pitch,2026-09-06,minted,,,,,,synthetic_reference,,,,,,,,,,,declared,1.2 cm per voxel,,,synthetic,"geometry.voxel_pitch_cm = 1.2 in config/reference_synthetic_biofilm_e2e.toml and its .dosimetry.toml: a declared pitch for the synthetic end-to-end run, NOT a biofilm pitch and never the biological latt->m factor",
